[{ "id": "Welcome", "parent" : "#", "text": "Welcome", "a_attr": {"href": "Welcome.html"}  },{ "id": "LineStyleCleaner", "parent" : "#", "text": "Line Style Cleaner", "a_attr": {"href": "LineStyleCleaner.html"}  },{ "id": "LinePatternCleaner", "parent" : "#", "text": "Line Pattern Cleaner", "a_attr": {"href": "LinePatternCleaner.html"}  },{ "id": "TextStyleCleaner", "parent" : "#", "text": "Text Style Cleaner", "a_attr": {"href": "TextStyleCleaner.html"}  },{ "id": "FillRegionTypeCleaner", "parent" : "#", "text": "Fill Region Type Cleaner", "a_attr": {"href": "FillRegionTypeCleaner.html"}  },{ "id": "FillPatternCleaner", "parent" : "#", "text": "Fill Pattern Cleaner", "a_attr": {"href": "FillPatternCleaner.html"}  },{ "id": "SpecialNotes", "parent" : "#", "text": "Special Notes", "a_attr": {"href": "SpecialNotes.html"}  },{ "id": "ContactingUs", "parent" : "#", "text": "Contacting Us", "a_attr": {"href": "ContactingUs.html"}  },{ "id": "UpdatesandBugReports", "parent" : "#", "text": "Updates and Bug Reports", "a_attr": {"href": "UpdatesandBugReports.html"}  },{ "id": "ChangesLog", "parent" : "#", "text": "Changes Log", "a_attr": {"href": "ChangesLog.html"}  },{ "id": "PrivacyPolicy", "parent" : "#", "text": "Privacy Policy", "a_attr": {"href": "PrivacyPolicy.html"}  }]